"#";LATITUDE;LONGITUDE;NAME
1;-10.76;-62.3583;ABRACOS_HILL
2;51.75;59.75;ADAMOWKA
3;21.7;-102.32;AGUASCALIENTES
4;43.7;0.25;AIRE_ADOUR
5;24.1586;55.1006;AL_KHAZNAH
6;42.0214;-93.7748;AMES
7;40.8517;109.629;AOE_BAOTOU
8;36.77;-97.13;ARM_CART_PONCA
9;36.64;-97.5;ARM_CART_SGP
10;36.93;-96.86;ARM_CART_SHIDLER
11;-23.798;133.888;ASP
12;-12.5425;131.307;AU-FOG
13;-12.4943;131.152;AU-HOW
14;-35.6557;148.152;AU-TUM
15;41.9972;-4.60306;AUTILLA
16;32.487;-114.7;AZ_BORDER_STATION
17;9.28;105.73;BAC_LIEU
18;14.7086;-16.4767;BAMBEY-ISRA
19;13.5412;2.66475;BANIZOUMBOU
20;52.61;0.53;BARTON_BENDISH
21;32.2822;-91.7387;BASKIN
22;50.5522;4.74494;BE-LON
23;-43.9024;-65.7651;BELMANIP_00001
24;-35.4368;-68.0011;BELMANIP_00003
25;-38.6913;-67.0271;BELMANIP_00004
26;-39.0882;-69.0583;BELMANIP_00006
27;-32.0335;-63.7794;BELMANIP_00007
28;-21.8158;-62.0896;BELMANIP_00009
29;-24.7802;-62.3381;BELMANIP_00010
30;-22.1715;-51.6665;BELMANIP_00013
31;-22.5947;-49.9576;BELMANIP_00014
32;-11.7422;-71.1148;BELMANIP_00017
33;-11.7465;-53.3447;BELMANIP_00019
34;-18.7696;-62.0803;BELMANIP_00020
35;-14.3384;-43.3384;BELMANIP_00024
36;-14.7254;-41.7471;BELMANIP_00025
37;-16.8169;-50.0985;BELMANIP_00026
38;-0.264328;-71.2695;BELMANIP_00028
39;-1.60556;-71.5518;BELMANIP_00029
40;-2.67854;-63.648;BELMANIP_00030
41;-4.47325;-54.648;BELMANIP_00031
42;-4.92849;-69.1288;BELMANIP_00032
43;-5.88134;-58.9878;BELMANIP_00033
44;-6.51177;-53.7028;BELMANIP_00034
45;-7.60093;-59.4101;BELMANIP_00035
46;-8.3481;-72.2965;BELMANIP_00036
47;-9.74506;-60.3351;BELMANIP_00038
48;-8.40302;-35.6065;BELMANIP_00040
49;7.06998;-59.4139;BELMANIP_00042
50;2.9457;-53.7684;BELMANIP_00044
51;1.77212;-63.7892;BELMANIP_00045
52;0.720435;-71.3605;BELMANIP_00046
53;5.73429;-69.186;BELMANIP_00047
54;3.99634;-71.6848;BELMANIP_00048
55;17.594;-89.7827;BELMANIP_00050
56;14.3184;-84.9776;BELMANIP_00051
57;29.9996;-104.19;BELMANIP_00056
58;27.5711;-103.608;BELMANIP_00057
59;28.891;-98.1605;BELMANIP_00058
60;39.5413;-80.5677;BELMANIP_00060
61;35.7971;-93.4936;BELMANIP_00061
62;34.2604;-110.508;BELMANIP_00063
63;30.6321;-105.284;BELMANIP_00068
64;38.6332;-98.9132;BELMANIP_00069
65;32.1832;-97.0654;BELMANIP_00070
66;39.8906;-88.2923;BELMANIP_00071
67;36.7011;-86.7947;BELMANIP_00072
68;41.5882;-77.8524;BELMANIP_00075
69;47.7168;-67.7938;BELMANIP_00081
70;46.7454;-70.4039;BELMANIP_00082
71;46.5925;-105.115;BELMANIP_00083
72;41.2419;-108.279;BELMANIP_00085
73;46.3371;-101.066;BELMANIP_00086
74;42.1273;-100.904;BELMANIP_00087
75;49.2711;-102.671;BELMANIP_00088
76;43.5445;-96.3368;BELMANIP_00089
77;42.7326;-82.2058;BELMANIP_00090
78;41.2516;-94.7811;BELMANIP_00091
79;52.3826;-124.286;BELMANIP_00094
80;52.7953;-96.2;BELMANIP_00095
81;50.2656;-85.7807;BELMANIP_00098
82;57.6586;-118.521;BELMANIP_00099
83;57.2807;-93.9929;BELMANIP_00100
84;57.1596;-157.684;BELMANIP_00103
85;52.1102;-104.751;BELMANIP_00106
86;61.0029;-127.621;BELMANIP_00108
87;68.9221;-158.789;BELMANIP_00113
88;67.9168;-145.462;BELMANIP_00114
89;68.4902;-121.442;BELMANIP_00116
90;64.4099;-83.8562;BELMANIP_00117
91;60.502;-72.3714;BELMANIP_00118
92;-21.4205;30.4448;BELMANIP_00120
93;-21.9043;29.4701;BELMANIP_00122
94;-27.7076;23.828;BELMANIP_00123
95;-23.9527;20.2106;BELMANIP_00124
96;-22.1923;45.8077;BELMANIP_00125
97;-29.4015;19.646;BELMANIP_00126
98;-27.6076;27.9534;BELMANIP_00127
99;-23.4833;28.1953;BELMANIP_00128
100;-17.9764;16.8231;BELMANIP_00134
101;-18.8817;23.598;BELMANIP_00135
102;-18.4626;44.4068;BELMANIP_00136
103;-17.5573;46.5038;BELMANIP_00138
104;-17.9563;15.5042;BELMANIP_00139
105;-0.36492;12.7904;BELMANIP_00140
106;-2.86296;13.113;BELMANIP_00141
107;-4.58979;23.4367;BELMANIP_00142
108;-9.51881;19.0008;BELMANIP_00144
109;-5.44478;31.7372;BELMANIP_00146
110;-9.56911;30.2923;BELMANIP_00147
111;-6.90342;30.8569;BELMANIP_00148
112;-2.67383;35.1915;BELMANIP_00151
113;-5.07599;32.8733;BELMANIP_00152
114;2.4092;13.1937;BELMANIP_00154
115;1.8562;28.1937;BELMANIP_00155
116;7.10351;13.4356;BELMANIP_00158
117;5.98023;31.1795;BELMANIP_00165
118;3.29777;36.9866;BELMANIP_00169
119;1.25239;34.0831;BELMANIP_00171
120;8.09267;-11.1531;BELMANIP_00172
121;2.10743;32.8733;BELMANIP_00173
122;10.498;-8.98624;BELMANIP_00175
123;16.2652;-10.7606;BELMANIP_00177
124;12.3254;28.7599;BELMANIP_00179
125;16.4832;-6.244;BELMANIP_00180
126;14.6893;13.113;BELMANIP_00181
127;10.6991;39.4063;BELMANIP_00186
128;12.0236;20.3719;BELMANIP_00189
129;17.3885;27.0662;BELMANIP_00195
130;29.8195;-4.14699;BELMANIP_00201
131;22.1242;-13.7448;BELMANIP_00203
132;27.87;28.8718;BELMANIP_00207
133;21.6045;58.0374;BELMANIP_00214
134;22.2416;42.7937;BELMANIP_00222
135;25.8796;59.0859;BELMANIP_00224
136;35.0917;-1.00148;BELMANIP_00225
137;37.4891;40.9387;BELMANIP_00226
138;30.4309;-7.37316;BELMANIP_00228
139;34.7228;9.48356;BELMANIP_00229
140;31.8057;20.6945;BELMANIP_00230
141;30.9501;31.0539;BELMANIP_00233
142;38.0088;40.858;BELMANIP_00234
143;39.5513;58.8439;BELMANIP_00241
144;44.5329;38.8881;BELMANIP_00243
145;43.8603;-1.09889;BELMANIP_00244
146;48.3274;49.5687;BELMANIP_00246
147;49.6854;54.4886;BELMANIP_00247
148;42.1242;-5.11484;BELMANIP_00248
149;44.8702;11.9698;BELMANIP_00250
150;46.1107;19.9447;BELMANIP_00251
151;47.0995;33.3209;BELMANIP_00253
152;47.8244;53.0368;BELMANIP_00255
153;41.9733;55.5371;BELMANIP_00256
154;57.6045;42.5802;BELMANIP_00257
155;54.7396;57.3921;BELMANIP_00258
156;59.6518;58.6826;BELMANIP_00260
157;57.2544;50.6172;BELMANIP_00262
158;51.923;-4.31301;BELMANIP_00264
159;53.1804;-0.114285;BELMANIP_00265
160;50.8836;2.57211;BELMANIP_00266
161;51.068;11.4999;BELMANIP_00267
162;53.281;53.2788;BELMANIP_00270
163;63.1771;44.0396;BELMANIP_00271
164;64.1696;51.1818;BELMANIP_00272
165;61.8885;58.3599;BELMANIP_00273
166;63.8846;26.7436;BELMANIP_00274
167;-31.1529;124.073;BELMANIP_00276
168;-34.8077;141.312;BELMANIP_00277
169;-31.3838;116.869;BELMANIP_00280
170;-35.864;143.026;BELMANIP_00281
171;-26.2009;115.082;BELMANIP_00284
172;-23.6509;124.98;BELMANIP_00285
173;-29.72;126.492;BELMANIP_00286
174;-25.361;115.907;BELMANIP_00288
175;-20.2979;124.879;BELMANIP_00289
176;-29.3847;133.247;BELMANIP_00291
177;-21.5385;143.833;BELMANIP_00293
178;-25.5287;137.985;BELMANIP_00294
179;-28.58;140.203;BELMANIP_00295
180;-16.4508;142.623;BELMANIP_00296
181;-17.2387;122.964;BELMANIP_00297
182;-16.2551;136.97;BELMANIP_00298
183;-16.2663;141.917;BELMANIP_00299
184;-19.0829;123.669;BELMANIP_00300
185;-19.4853;137.179;BELMANIP_00301
186;-1.77321;103.506;BELMANIP_00306
187;9.73779;122.762;BELMANIP_00310
188;18.4584;82.0494;BELMANIP_00313
189;15.8126;103.103;BELMANIP_00317
190;10.7219;105.679;BELMANIP_00318
191;22.493;81.8757;BELMANIP_00321
192;29.8363;74.8747;BELMANIP_00332
193;28.063;76.6651;BELMANIP_00333
194;26.6631;85.4882;BELMANIP_00334
195;25.712;88.1824;BELMANIP_00335
196;21.1686;95.2395;BELMANIP_00336
197;21.1464;106.022;BELMANIP_00337
198;25.997;68.5234;BELMANIP_00338
199;28.9142;60.7606;BELMANIP_00339
200;27.6903;63.0793;BELMANIP_00340
201;33.3648;86.3677;BELMANIP_00346
202;34.8402;101.49;BELMANIP_00348
203;37.2879;107.942;BELMANIP_00350
204;33.9349;74.8747;BELMANIP_00353
205;31.6053;73.4522;BELMANIP_00354
206;31.1183;105.623;BELMANIP_00355
207;32.7817;115.555;BELMANIP_00356
208;36.0896;140.036;BELMANIP_00357
209;30.783;63.4826;BELMANIP_00359
210;44.6055;131.331;BELMANIP_00363
211;42.0571;108.648;BELMANIP_00366
212;42.208;115.403;BELMANIP_00367
213;49.7357;68.2209;BELMANIP_00368
214;47.1706;97.3566;BELMANIP_00369
215;47.2209;106.329;BELMANIP_00370
216;42.2416;111.067;BELMANIP_00371
217;45.6682;122.592;BELMANIP_00373
218;40.6656;62.8777;BELMANIP_00375
219;44.3875;62.172;BELMANIP_00376
220;45.7623;68.725;BELMANIP_00377
221;46.0473;76.0845;BELMANIP_00378
222;48.6248;93.4382;BELMANIP_00380
223;44.2031;106.833;BELMANIP_00381
224;41.2189;93.2232;BELMANIP_00382
225;40.2632;101.994;BELMANIP_00383
226;57.5562;73.9674;BELMANIP_00384
227;57.7574;89.2914;BELMANIP_00385
228;59.3165;92.4166;BELMANIP_00386
229;54.8402;97.7598;BELMANIP_00387
230;59.0483;107.539;BELMANIP_00389
231;55.4132;122.328;BELMANIP_00390
232;59.0651;130.122;BELMANIP_00391
233;51.3865;132.944;BELMANIP_00393
234;55.6114;86.6702;BELMANIP_00394
235;56.5167;69.5315;BELMANIP_00397
236;51.3195;119.435;BELMANIP_00398
237;50.1459;67.8177;BELMANIP_00399
238;59.5513;80.6212;BELMANIP_00401
239;51.6883;63.1802;BELMANIP_00402
240;51.9398;68.1201;BELMANIP_00403
241;62.3589;97.0541;BELMANIP_00407
242;63.5995;107.337;BELMANIP_00408
243;68.4112;120.343;BELMANIP_00409
244;61.7218;113.89;BELMANIP_00410
245;62.6104;122.157;BELMANIP_00411
246;62.3589;133.045;BELMANIP_00412
247;67.925;147.563;BELMANIP_00413
248;69.1656;101.792;BELMANIP_00416
249;69.9201;150.99;BELMANIP_00417
250;43.3705;108.915;BELMANIP_00424
251;24.8705;-14.4777;BELMANIP_00425
252;45.1741;102.621;BELMANIP_00429
253;38.692;89.567;BELMANIP_00430
254;-9.40425;-53.7166;BELMANIP_00431
255;-15.4935;-66.2564;BELMANIP_00432
256;-12.0589;-67.1189;BELMANIP_00433
257;-4.60607;-60.3355;BELMANIP_00434
258;-3.80793;-72.5893;BELMANIP_00435
259;3.04846;-69.8396;BELMANIP_00436
260;0.191078;-53.388;BELMANIP_00437
261;0.776286;-62.6511;BELMANIP_00438
262;26.79;97.5619;BELMANIP_00440
263;13.8666;106.36;BELMANIP_00441
264;13.0816;105.707;BELMANIP_00442
265;-2.61772;113.879;BELMANIP_00443
266;51.8367;20.7917;BELSK
267;35.5505;9.914;BEN_SALEM
268;53.65;-105.32;BERMS_BOREAS
269;22.1667;90.75;BHOLA
270;36.605;-97.516;BIL
271;-25.8989;139.346;BIRDSVILLE
272;40.0667;-88.3667;BON
273;11.85;-3.75;BONDOUKOUI
274;40.0533;-88.3719;BONDVILLE
275;40.05;-105.007;BOU
276;3.095;14.612;BOUMBA_BEK
277;-10.7618;-62.3572;BR-JI1
278;-2.6091;-60.2093;BR-MA2
279;-2.85667;-54.9589;BR-SA1
280;-3.01803;-54.9714;BR-SA3
281;53.286;8.367;BRAKE
282;50.28;-104.7;BRATTS_LAKE
283;48.5625;5.505;BURE_OPE
284;35.1868;-102.094;BUSHLAND
285;-21.51;21.74;BW-GHG
286;-21.2;21.75;BW-GHM
287;-19.9155;23.5605;BW-MA1
288;49.7093;-112.94;CA-LET
289;55.9117;-98.3822;CA-NS3
290;55.9117;-98.3822;CA-NS4
291;53.9163;-104.692;CA-OJP
292;54.485;-105.818;CA-SF1
293;53.908;-104.656;CA-SJ1
294;53.8758;-104.645;CA-SJ3
295;42.6609;-80.5595;CA-TP1
296;42.7744;-80.4588;CA-TP2
297;38.9585;-75.9516;CALIPSO_CROUSE_MILL
298;39.9345;-76.2193;CALIPSO_STRASBURG
299;39.9465;-76.2311;CALIPSO_W_STRASBURG
300;39.9324;-76.199;CALIPSO_ZION
301;21.4223;-77.8499;CAMAGUEY
302;-15.5617;-55.175;CAMPO_VERDE
303;38.3;-4.45;CARDENA
304;32.3688;-104.233;CARLSBAD
305;36.6067;-97.4864;CART_SITE
306;35.6741;-117.745;CHINA_LAKE
307;25.1479;80.8552;CHITRAKOOT
308;39.5306;116.252;CN-BED
309;42.0467;116.284;CN-DU2
310;40.5383;108.694;CN-KU1
311;40.3808;108.549;CN-KU2
312;44.1342;116.329;CN-XFS
313;-15.5;-56;CUIABA
314;-15.7295;-56.0208;CUIABA-MIRANDA
315;-30.6667;23.993;DAA
316;43.5772;104.419;DALANZADGAD
317;50.9495;13.5125;DE-GRI
318;51.0793;10.452;DE-HAI
319;50.4535;11.4575;DE-WET
320;69.4283;-148.698;DEAD_HORSE
321;36.6232;-116.02;DESERT_ROCK
322;40.0066;-88.2917;DIRECT_00001 - AGRO
323;34.3509;-106.69;DIRECT_00007 - SEVI
324;-2.86954;-54.9495;DIRECT_00008 - TAPA
325;60.1005;-129.69;DIRECT_00039 - WatsonLake1
326;41.9322;-93.751;DIRECT_00044 - WalnutCreek
327;11.0331;-85.5028;DIRECT_00047 - LosInocentes
328;2.63102;99.5763;DIRECT_00048 - AekLoba
329;39.0728;-2.10395;DIRECT_00051 - Barrax
330;-32.5983;116.254;DIRECT_00052 - Camerons
331;-37.4671;-73.4706;DIRECT_00053 - Concepcion
332;5.34714;-53.2378;DIRECT_00054 - Counami
333;5.34346;-53.2368;DIRECT_00055 - Counami2
334;53.8925;13.2072;DIRECT_00056 - Demmin
335;15.3247;-1.55464;DIRECT_00060 - Gourma
336;31.6593;-7.60029;DIRECT_00061 - Haouz
337;-36.9904;-60.5526;DIRECT_00065 - Laprida
338;44.1987;4.94813;DIRECT_00069 - PlanDeDieu
339;48.4432;3.77199;DIRECT_00071 - Romilly
340;-18.235;-68.1836;DIRECT_00075 - Turco
341;-18.2395;-68.1933;DIRECT_00076 - Turco2
342;13.645;2.63534;DIRECT_00077 - Wankamana
343;51.164;-1.43064;DIRECT_00079 - Chimbolton
344;-19.9217;23.5908;DIRECT_00083 - Maun
345;5.2817;-52.9122;DIRECT_00085 - GuyaFlux
346;15.4119;-15.4335;DIRECT_00086 - Dahra_South
347;15.4316;-15.4034;DIRECT_00087 - Dahra_North
348;15.8192;-15.0609;DIRECT_00088 - Tessekre_South
349;15.896;-15.0609;DIRECT_00089 - Tessekre_North
350;1.6909;31.4318;DIRECT_00092 - Bundongo_1
351;1.7532;31.4891;DIRECT_00093 - Bundongo_2
352;1.7654;31.5297;DIRECT_00094 - Bundongo_3
353;1.723;31.6372;DIRECT_00095 - Bundongo_4
354;1.7278;31.5805;DIRECT_00096 - Bundongo_5
355;1.8042;31.6047;DIRECT_00097 - Bundongo_6
356;1.7858;31.5641;DIRECT_00098 - Bundongo_7
357;1.7654;31.6146;DIRECT_00099 - Bundongo_8
358;-24.1641;21.8929;DIRECT_00102 - Tshane
359;47.8211;7.45539;DIRECT_00104 - Harth Forest
360;52.03;16.83;DIRECT_00106 - Koscianski (PL)
361;-22.22;-48.15;DIRECT_00108 - Brotas
362;-22.35;-46.37;DIRECT_00109 - Brotas2
363;31.35;35.0333;DIRECT_00110 - Yatir Forest
364;46.1636;-0.477083;DIRECT_00111 - Chize1
365;46.2898;-0.343625;DIRECT_00112 - Chize2
366;9.76007;1.59901;DJOUGOU
367;55.5303;12.0972;DK-RIS
368;36.626;-116.018;DRA
369;39.5634;-76.2039;DRAGON_ALDINO
370;39.6385;-104.569;DRAGON_AURORA_EAST
371;36.2062;-120.105;DRAGON_HURON
372;35.026;134.336;DRAGON_NISHIHARIMA
373;30.0394;-95.6739;DRAGON_NW_HARRIS_CO
374;36.5974;-119.504;DRAGON_PARLIER
375;40.1828;-104.726;DRAGON_PLATTEVILLE
376;36.6343;-120.382;DRAGON_TRANQUILITY
377;30.0583;-94.9781;DRAGON_UH_W_LIBERTY
378;40.13;94.34;DUNHUANG1
379;36.605;-97.485;E13
380;44.2257;-79.75;EGBERT
381;27.058;27.9902;EL_FARAFRA
382;-19.175;15.9144;ETOSHA_PAN
383;38.5678;-7.9115;EVORA
384;25.47;-80.85;FLORIDA_COASTAL_EVERGLADES_LTER_FCE
385;48.308;-105.102;FORT_PECK
386;-31.0863;141.701;FOWLERS_GAP
387;48.3167;-105.1;FPE
388;43.5494;1.10778;FR-AUR
389;36.8093;-115.935;FRENCHMAN_FLAT
390;5.2777;-52.9288;GF-GUY
391;-23.5614;15.042;GOB
392;28.4264;77.15;GUAL_PAHARI
393;26.4718;80.5218;HAND_N_60708
394;26.2856;80.4927;HAND_S_50608
395;15.3292;-1.54667;HOMBURI
396;40.144;-109.468;HORSEPOOL
397;51.9867;-8.75181;IE-DRI
398;13.2784;-5.93387;IER_CINZANA
399;36.5583;-100.606;IHOP-HOMESTEAD
400;31.345;35.0515;IL-YAT
401;-16.212;12.06;IONA
402;46.0031;13.0257;IT-BE2
403;43.3046;11.2706;IT-LEC
404;42.4081;11.93;IT-RO1
405;-22.4132;-45.4524;ITAJUBA
406;35.57;-115.4;IVANPAH_PLAYA
407;-8.63333;-62.75;JAMARI
408;-9.2;-63.1;JAMTOWN
409;32.6;-106.86;JORNADA1
410;32.62;-106.74;JORNADA_BASIN_LTER_JRN
411;36.054;140.027;JP-MAS
412;-10.1667;31.1833;KASAMA
413;34.9508;-106.507;KIRTLAND_AFB
414;2.3353;26.0675;KONGO_00001
415;-0.757;20.718;KONGO_00002
416;39.0825;-96.5597;KONZA
417;39.08;-96.56;KONZAPRARIE
418;53.3;56.9;KULGUNINO
419;48.7308;-3.46194;LANNION
420;-15.6781;23.2999;LATOYA
421;52.21;14.122;LIN
422;29.9763;100.262;LITANG
423;-14.55;-60.6167;LOS_FIEROS
424;27.49;83.28;LUMBINI
425;30.593;58.228;LUT_DESERT_00001
426;34.9605;-97.9788;LW-SCAN
427;-2.59908;-60.0386;MANAUS
428;-2.89053;-59.9698;MANAUS_EMBRAPA
429;45.995;106.327;MANDALGOBI
430;45.92;26.08;MARTINENI
431;52.2093;14.1209;METOBS_LINDENBERG
432;44.43;-121.56;METOLIUSYP
433;26.4185;80.1217;MOBILE_KANPUR_W2
434;26.5307;80.5057;MOBILE_N_60708
435;26.1251;80.5328;MOBILE_S_50608
436;52.4022;-0.235211;MONKS_WOOD
437;0.566667;30.3667;MUBFS
438;16.6067;104.676;MUKDAHAN
439;6.49601;124.843;ND_MARBEL_UNIV
440;30.11;35.01;NEGEV
441;40.8124;-104.744;NEON-CPER
442;37.0904;-119.722;NEON17-SJER
443;35.5507;-115.382;NEON_IVANPAH
444;40.4619;-103.029;NEON_STERLING
445;42.7648;-100.02;NIABRARA
446;55.903;-98.29;NSA_YJP_BOREAS
447;35.0456;-97.9173;OK_ST_UNIV
448;19;55.5;OMANI_DESERT
449;17.7983;98.4317;OMKOI
450;47.9867;1.76111;ORLEAN_BRICY
451;29.0275;-111.146;ORS_HERMOSILLO
452;53.5;-105.5;PADDOCKWOOD
453;29.0463;79.5209;PANTNAGAR
454;46.815;6.944;PAY
455;46.815;6.944;PAYERNE
456;49.325;7.94;PFAELZER_WALD
457;15.1819;102.564;PIMAI
458;39.593;116.184;PKU_PEK
459;-11;-48;PORTO_NACIONAL
460;46.75;-117.192;PULLMAN
461;-6.3556;106.664;PUSPIPTEK
462;16.71;32.68;QOZ_EL_HARR
463;31.6703;-7.59944;RAS_EL_AIN
464;20.7285;106.128;RED_RIVER_DELTA
465;50.205;-104.713;REG
466;50.205;-104.713;REGINA
467;31.6258;-8.15583;SAADA
468;24.8295;55.3128;SAIH_SALAM
469;-1.462;21.518;SALONGA
470;-29.4433;-53.8234;SAO_MARTINHO_SONDA
471;30.8597;34.7794;SBO
472;30.855;34.7822;SEDE_BOKER
473;40.45;42.83;SELIM
474;34.344;-106.671;SEVILLETA1
475;40.83;-104.72;SHORTGRASS_STEPPE_SGS
476;43.7363;-96.626;SIOUX_FALLS_X
477;24.2493;55.6121;SMART
478;41.936;-93.664;SMEX
479;-29.4428;-53.8231;SMS
480;24.9069;46.3973;SOLAR_VILLAGE
481;-12.1707;26.3633;SOLWEZI
482;24.91;46.41;SOV
483;53.916;-104.69;SS_OJP_BOREAS
484;49.8786;21.8613;STRZYZOW
485;50.2816;-111.131;SUFFIELD
486;43.73;-96.62;SXF
487;19.7031;-98.9819;T1_MAX_MEX
488;37.0908;-2.35818;TABERNAS_PSA-DLR
489;-2.857;-54.959;TAPAJOS
490;35.55;8.68333;THALA
491;-28.9758;139.991;TINGA_TINGANA
492;31.742;-110.05;TOMBSTONE
493;38.0504;-117.091;TONOPAH_AIRPORT
494;55.7917;-3.23889;UK-AMO
495;55.9069;-2.85861;UK-ESA
496;51.2071;-2.82864;UK-TAD
497;35.8258;-93.203;UPPER_BUFFALO
498;36.6058;-97.4888;US-ARM
499;31.5907;-110.51;US-AUD
500;40.0062;-88.2904;US-BO1
501;48.3077;-105.102;US-FPE
502;35.089;-111.762;US-FUF
503;35.4454;-111.772;US-FWF
504;68.4865;-155.75;US-IVO
505;44.4523;-121.557;US-ME2
506;41.1651;-96.4766;US-NE1
507;29.7381;-82.2188;US-SP1
508;29.7648;-82.2448;US-SP2
509;29.8028;-82.2031;US-SP4
510;31.8214;-110.866;US-SRM
511;38.4316;-120.966;US-TON
512;38.4133;-120.951;US-VAR
513;31.7365;-109.942;US-WKG
514;43.7004;132.163;USSURIYSK
515;16.2;32.93;WADI_ABU_GEIDUM
516;31.737;-109.942;WALNUTGULCH
517;24.918;17.794;WAV_AN_NAMUS
518;32.6349;-106.338;WHITE_SANDS_HELSTF
519;27.2808;-109.912;YAQUI
520;39.309;116.184;YUFA_PEK
521;22.75;-12.4833;ZOUERATE-FENNEC
522;18.88;46.76;Arabia#1
523;20.13;50.96;Arabia#2
524;28.92;43.73;Arabia#3
525;21.74;28.22;Sudan#1
526;19.67;9.81;Niger#1
527;21.37;10.59;Niger#2
528;21.57;7.96;Niger#3
529;27.12;26.1;Egypt#1
530;24.42;13.35;Libya#1
531;25.05;20.48;Libya#2
532;23.15;23.1;Libya#3
533;28.55;23.39;Libya#4
534;23.8;-0.4;Algeria#1
535;26.09;-1.38;Algeria#2
536;30.32;7.66;Algeria#3
537;30.04;5.59;Algeria#4
538;31.02;2.23;Algeria#5
539;19.12;-4.85;Mali#1
540;19.4;-9.3;Mauritania#1
541;20.85;-8.78;Mauritania#2
542;41.85;13.59;Collelongo
543;-37.939;-67.789;25de Mayo_Shurb
544;37.9063;39.4419;Bagci Koyu
545;62.9063;173.451;Chukotka
546;54.4241;159.862;Sopka Taunshits
547;67.1295;92.0044;Krai de Krasnoyarsk
548;48.7634;88.3883;Sptin Nuur
549;32.942;82.7009;Tagchagpu Ri 
550;15.7456;79.1384;Akkacheruvu
551;35.4063;85.4241;Kukushili
552;46.6741;82.4062;Makanchi
553;50.1652;63.3616;Shiyli
554;47.3973;97.4419;Otgon
555;6.57591;81.5669;Kumana National Park
556;15.6027;78.7366;Nallamala Forest
557;15.0223;74.4062;Anshi National Park 
558;30.1107;78.2034;IN-Brk
559;21.863;77.426;IN-Bet
560;45.0563;142.106;JP-Tef
561;44.0889;113.574;CN-Xg2
562;37.9389;126.955;KR-Seo
563;40.3808;108.549;CN-Ku2
564;44.3842;142.319;JP-MBF
565;2.18667;111.843;MY-Sbu
566;50.15;94.45;RU-Tuv
567;44.1342;116.329;CN-Xg1
568;43.5544;116.28;CN-Xi1
569;62.1116;98.4419;Baikyt
570;26.9152;70.058;Muhar
571;61.7188;113.897;Mirni
572;58.9152;114.995;Irkutsk
573;55.5223;119.192;Zabaikalie
574;49.4152;132.478;Jabarovsk
575;49.0223;133.138;Birobidzhan
576;24.7009;114.237;Chebailing
577;62.2545;164.647;Kamchatka
578;50.9509;78.5937;Mayskoye
579;48.3348;73.308;Kayrakty
580;56.567;123.772;Saja_1
581;56.7634;124.201;Saja_2
582;57.1295;124.272;Saja_3
583;62.308;143.603;Saja_4
584;63.2813;146.317;Saja_5
585;61.8438;164.96;Kamchatka_2
586;23.5402;98.2991;Man Na-hkai
587;47.3259;106.094;Tov_1
588;47.1295;107.567;Tov_2
589;15;2;NARMA Niger_1
590;15;12;NARMA Niger_2
591;14.5;-5.75;NARMA Mali_1
592;12.442;2.61161;NARMA Niger_4
593;-20.0293;21.4947;NARMA Botswana_1
594;-2.6875;36.5446;NARMA Tanzania_1 
595;9.28124;15.2723;NARMA Chad
596;4.92412;43.058;Siifan
597;7.49555;48.8884;Jariiban
598;28.3438;40.2276;Hail
599;11.5491;50.9241;Bargaal
600;15.442;8.15622;Zinder
601;14.6741;13.2812;Diffa
602;11.6652;36.558;Amhara
603;-14.6562;37.0223;Niassa_1
604;-14.1294;36.6205;Niassa_2
605;10.9777;50.9419;Somalia_1
606;50.2723;11.433;Somalia_2
607;11.0045;49.8169;Somalia_3
608;-21.9598;129.745;Mackay
609;-22.2826;133.249;Alice Springs
610;-34.0021;140.589;Calperum Chowilla
611;-30.1914;120.654;Great Western
612;-12.4952;131.15;Howard Springs
613;-13.179;130.795;Litchfield
614;-17.1512;133.351;Sturt Plains
615;63.6205;-117.442;Canada_North1
616;63.3527;-138.683;Canada_North2
617;64.5134;-106.156;Canada_North3
618;67.7455;-115.004;Canada_North4
619;65.933;95.1919;Canada_North5
620;50.0491;-67.4688;Canada_North6
621;52.442;-57.0491;Canada_North7
622;-5.39731;-80.4152;Piura
623;-28.3884;-68.2902;Cienaga
624;-14.6562;-75.4866;SalinerasLasPiletas
625;-6.14731;-40.4598;Missao
626;-13.2187;26.9509;West Three 
627;-15.7991;12.4062;Namibe
628;35.4419;22.9509;Elba NP
629;15.3706;21.8348;Hame
630;16.9063;24.5223;Darfur
631;7.56698;24.7901;Alto Mbomou
632;60.1473;12.6919;Sodralekvattnet
633;63.9955;13.4419;Jamtland
634;60.5848;11.4598;Tangen
635;66.7634;22.2098;Norrbotten
636;67.0313;26.2187;Laponia
637;55.9598;28.4776;Vitebsk
638;48.9866;38.183;Zakaznik Kremennoye
639;54.9241;40.2991;Riazan
640;54.6027;34.2901;Oblast de Smolensk
641;28.3081;71.4062;Rahim Yar Khan
642;35.0223;73.0491;Khargai
643;34.6027;79.4866;Aksai Chin
644;37.933;71.2455;Khizaw
645;37.4688;67.7009;Surjandain
646;39.692;84.933;China_Desert1
647;39.3616;81.7455;China_Desert2
648;63.317;77.3794;Yamalia-Memetsia1
649;62.6563;90.7187;Krai de Krasnoyarsk2
650;70.1652;93.2723;Krai de Krasnoyarsk3
651;68.8705;80.8526;Yamalia-Memetsia2
652;61.3795;105.263;Oblast de Irkutsk
653;60.5402;112.076;Republica_Saja_1
654;62.0045;113.254;Republica_Saja_2
655;63.058;116.094;Republica_Saja_3
656;68.3884;119.924;Republica_Saja_4
657;62.7277;124.156;Republica_Saja_5
658;65.6295;84.558;Krai_de_Krasnoyarsk_1
659;63.2366;81.3437;Yamalia-Nenetsia_1
660;65.558;80.6473;Yamalia-Nenetsia_2
661;67.067;82.2634;Yamalia-Nenetsia_3
662;65.5491;80.6294;Yamalia-Nenetsia_4
663;63.9866;68.1026;Janty-Mansi_1
664;62.9598;66.3794;Janty-Mansi_2
665;66.8884;66.6384;Yamalia-Nenetsia_5
666;62.2455;62.7544;Janty-Mansi_3
667;41.1741;81.3526;Aksu
668;40.9152;86.4241;China_Desert3
669;31.1563;92.9598;Nagqu
670;28.8081;109.87;Wuxizuo
671;25.5491;107.085;Shanjiao
672;50.4241;111.138;Chita_1
673;50.3438;114.603;Chita_2
674;69.0402;115.71;Yamalia-Nenetsia_5
675;72.6384;115.522;Republica_Saja_6
676;67.2723;111.62;Republica_Saja_7
677;70.9955;107.531;Krai_de_Krasnoyarsk_2
678;71.0938;134.978;Republica_Saja_8
679;69.317;133.781;Republica_Saja_9
680;70.2991;130.853;Republica_Saja_10
681;67.2634;137.219;Republica_Saja_11
682;69.7277;139.54;Republica_Saja_12
683;66.9241;162.379;Chukotka_2
684;66.0402;168.013;Chukotka_3
685;68.0848;172.862;Chukotka_4
686;66.5134;165.719;Chukotka_5
687;66.9152;162.049;Chukotka_6
688;66.8438;158.174;Chukotka_7
689;51.7634;125.031;Daxing angling_1
690;43.067;127.46;Jilin_1
691;41.8973;127.558;Jilin_2
692;47.2277;128.71;Yichun_1
693;49.0134;127.737;Yichun_2
694;51.5848;124.817;Daxing angling_2
695;-50.6473;-71.1741;Santa Cruz
696;-52.1205;-70.3706;Magallanes
697;-31.9777;148.96;Goonoo State Forest
698;-26.3705;150.54;Barakuyla
699;-29.9687;149.129;Nowley
700;-27.0491;146.879;Boatmat
701;42.9509;104.87;Omnogobi_1
702;43.1384;101.629;Omnogobi_2
703;43.8973;99.6026;Omnogobi_3
704;45.6116;89.7455;Sinkiang_1
705;45.442;87.7276;Sinkiang_2
706;45.2545;72.0223;Zhambyl_1
707;45.9688;69.5759;Zhambyl_2
708;44.3348;61.7455;Kyzylorda_1
709;46.1384;64.0848;Kyzylorda_2
710;41.8527;127.683;Jilin_3
711;27.5402;63.0759;Pakistan_1
712;25.2991;61.9776;Pakistan_2
713;19.3527;22.8437;Chad_1
714;18.3795;18.7187;Chad_2
715;7.37055;25.0312;Mbomou
716;8.17412;14.7276;Bouba Ndjida NP
717;-11.0044;16.2901;Bie
718;-8.63838;27.5312;Katanga_1
719;-10.6294;23.9776;Katanga_2
720;-26.2848;31.8847;Hlane NP
721;63.5848;115.71;Republica_Saja_12
722;63.7902;115.478;Republica_Saja_13
723;62.433;130.638;Yakutsk
724;59.8438;133.228;Republica_Saja_14
725;60.0223;135.799;Republica_Saja_15
